{
    "$schema": "https://schema.management.azure.com/schemas/2019-04-01/deploymentTemplate.json#",
    "contentVersion": "1.0.0.0",
    "parameters": {
        "users_1_lastName": {
            "type": "SecureString"
        },
        "service_apim_regional_poc_name": {
            "defaultValue": "apim-regional-poc",
            "type": "String"
        }
    },
    "variables": {},
    "resources": [
        {
            "type": "Microsoft.ApiManagement/service",
            "apiVersion": "2024-06-01-preview",
            "name": "[parameters('service_apim_regional_poc_name')]",
            "location": "East US",
            "sku": {
                "name": "StandardV2",
                "capacity": 1
            },
            "properties": {
                "publisherEmail": "parkrandy@gmail.com",
                "publisherName": "Microsoft.FIS.Poc",
                "notificationSenderEmail": "apimgmt-noreply@mail.windowsazure.com",
                "hostnameConfigurations": [
                    {
                        "type": "Proxy",
                        "hostName": "[concat(parameters('service_apim_regional_poc_name'), '.azure-api.net')]",
                        "negotiateClientCertificate": false,
                        "defaultSslBinding": true,
                        "certificateSource": "BuiltIn"
                    }
                ],
                "customProperties": {
                    "Microsoft.WindowsAzure.ApiManagement.Gateway.Security.Protocols.Tls10": "False",
                    "Microsoft.WindowsAzure.ApiManagement.Gateway.Security.Protocols.Tls11": "False",
                    "Microsoft.WindowsAzure.ApiManagement.Gateway.Security.Backend.Protocols.Tls10": "False",
                    "Microsoft.WindowsAzure.ApiManagement.Gateway.Security.Backend.Protocols.Tls11": "False",
                    "Microsoft.WindowsAzure.ApiManagement.Gateway.Security.Backend.Protocols.Ssl30": "False",
                    "Microsoft.WindowsAzure.ApiManagement.Gateway.Protocols.Server.Http2": "False"
                },
                "virtualNetworkType": "None",
                "enableClientCertificate": false,
                "natGatewayState": "Enabled",
                "apiVersionConstraint": {},
                "publicNetworkAccess": "Enabled",
                "legacyPortalStatus": "Disabled",
                "developerPortalStatus": "Disabled",
                "releaseChannel": "Default"
            }
        },
        {
            "type": "Microsoft.ApiManagement/service/apis",
            "apiVersion": "2024-06-01-preview",
            "name": "[concat(parameters('service_apim_regional_poc_name'), '/regional-telemetry-test')]",
            "dependsOn": [
                "[resourceId('Microsoft.ApiManagement/service', parameters('service_apim_regional_poc_name'))]"
            ],
            "properties": {
                "displayName": "regional-telemetry-test",
                "apiRevision": "1",
                "subscriptionRequired": true,
                "serviceUrl": "https://httpbin.org/anything",
                "path": "test",
                "protocols": [
                    "https"
                ],
                "authenticationSettings": {
                    "oAuth2AuthenticationSettings": [],
                    "openidAuthenticationSettings": []
                },
                "subscriptionKeyParameterNames": {
                    "header": "Ocp-Apim-Subscription-Key",
                    "query": "subscription-key"
                },
                "isCurrent": true
            }
        },
        {
            "type": "Microsoft.ApiManagement/service/groups",
            "apiVersion": "2024-06-01-preview",
            "name": "[concat(parameters('service_apim_regional_poc_name'), '/administrators')]",
            "dependsOn": [
                "[resourceId('Microsoft.ApiManagement/service', parameters('service_apim_regional_poc_name'))]"
            ],
            "properties": {
                "displayName": "Administrators",
                "description": "Administrators is a built-in group containing the admin email account provided at the time of service creation. Its membership is managed by the system.",
                "type": "system"
            }
        },
        {
            "type": "Microsoft.ApiManagement/service/groups",
            "apiVersion": "2024-06-01-preview",
            "name": "[concat(parameters('service_apim_regional_poc_name'), '/developers')]",
            "dependsOn": [
                "[resourceId('Microsoft.ApiManagement/service', parameters('service_apim_regional_poc_name'))]"
            ],
            "properties": {
                "displayName": "Developers",
                "description": "Developers is a built-in group. Its membership is managed by the system. Signed-in users fall into this group.",
                "type": "system"
            }
        },
        {
            "type": "Microsoft.ApiManagement/service/groups",
            "apiVersion": "2024-06-01-preview",
            "name": "[concat(parameters('service_apim_regional_poc_name'), '/guests')]",
            "dependsOn": [
                "[resourceId('Microsoft.ApiManagement/service', parameters('service_apim_regional_poc_name'))]"
            ],
            "properties": {
                "displayName": "Guests",
                "description": "Guests is a built-in group. Its membership is managed by the system. Unauthenticated users visiting the developer portal fall into this group.",
                "type": "system"
            }
        },
        {
            "type": "Microsoft.ApiManagement/service/loggers",
            "apiVersion": "2024-06-01-preview",
            "name": "[concat(parameters('service_apim_regional_poc_name'), '/azuremonitor')]",
            "dependsOn": [
                "[resourceId('Microsoft.ApiManagement/service', parameters('service_apim_regional_poc_name'))]"
            ],
            "properties": {
                "loggerType": "azureMonitor",
                "isBuffered": true
            }
        },
        {
            "type": "Microsoft.ApiManagement/service/namedValues",
            "apiVersion": "2024-06-01-preview",
            "name": "[concat(parameters('service_apim_regional_poc_name'), '/current-region')]",
            "dependsOn": [
                "[resourceId('Microsoft.ApiManagement/service', parameters('service_apim_regional_poc_name'))]"
            ],
            "properties": {
                "displayName": "current-region",
                "value": "East US",
                "tags": [],
                "secret": false
            }
        },
        {
            "type": "Microsoft.ApiManagement/service/namedValues",
            "apiVersion": "2024-06-01-preview",
            "name": "[concat(parameters('service_apim_regional_poc_name'), '/eastus-appinsights-endpoint')]",
            "dependsOn": [
                "[resourceId('Microsoft.ApiManagement/service', parameters('service_apim_regional_poc_name'))]"
            ],
            "properties": {
                "displayName": "eastus-appinsights-endpoint",
                "value": "https://eastus-8.in.applicationinsights.azure.com/v2/track",
                "tags": [],
                "secret": false
            }
        },
        {
            "type": "Microsoft.ApiManagement/service/namedValues",
            "apiVersion": "2024-06-01-preview",
            "name": "[concat(parameters('service_apim_regional_poc_name'), '/eastus-appinsights-key')]",
            "dependsOn": [
                "[resourceId('Microsoft.ApiManagement/service', parameters('service_apim_regional_poc_name'))]"
            ],
            "properties": {
                "displayName": "eastus-appinsights-key",
                "value": "0c26ed97-d856-45bd-92d1-c6c6c1990c9b",
                "tags": [],
                "secret": false
            }
        },
        {
            "type": "Microsoft.ApiManagement/service/namedValues",
            "apiVersion": "2024-06-01-preview",
            "name": "[concat(parameters('service_apim_regional_poc_name'), '/westus-appinsights-endpoint')]",
            "dependsOn": [
                "[resourceId('Microsoft.ApiManagement/service', parameters('service_apim_regional_poc_name'))]"
            ],
            "properties": {
                "displayName": "westus-appinsights-endpoint",
                "value": "https://westus-0.in.applicationinsights.azure.com/v2/track",
                "tags": [],
                "secret": false
            }
        },
        {
            "type": "Microsoft.ApiManagement/service/namedValues",
            "apiVersion": "2024-06-01-preview",
            "name": "[concat(parameters('service_apim_regional_poc_name'), '/westus-appinsights-key')]",
            "dependsOn": [
                "[resourceId('Microsoft.ApiManagement/service', parameters('service_apim_regional_poc_name'))]"
            ],
            "properties": {
                "displayName": "westus-appinsights-key",
                "value": "69037eac-9fc0-4d13-81fd-6201e55bab5f",
                "tags": [],
                "secret": false
            }
        },
        {
            "type": "Microsoft.ApiManagement/service/notifications",
            "apiVersion": "2024-06-01-preview",
            "name": "[concat(parameters('service_apim_regional_poc_name'), '/AccountClosedPublisher')]",
            "dependsOn": [
                "[resourceId('Microsoft.ApiManagement/service', parameters('service_apim_regional_poc_name'))]"
            ]
        },
        {
            "type": "Microsoft.ApiManagement/service/notifications",
            "apiVersion": "2024-06-01-preview",
            "name": "[concat(parameters('service_apim_regional_poc_name'), '/BCC')]",
            "dependsOn": [
                "[resourceId('Microsoft.ApiManagement/service', parameters('service_apim_regional_poc_name'))]"
            ]
        },
        {
            "type": "Microsoft.ApiManagement/service/notifications",
            "apiVersion": "2024-06-01-preview",
            "name": "[concat(parameters('service_apim_regional_poc_name'), '/NewApplicationNotificationMessage')]",
            "dependsOn": [
                "[resourceId('Microsoft.ApiManagement/service', parameters('service_apim_regional_poc_name'))]"
            ]
        },
        {
            "type": "Microsoft.ApiManagement/service/notifications",
            "apiVersion": "2024-06-01-preview",
            "name": "[concat(parameters('service_apim_regional_poc_name'), '/NewIssuePublisherNotificationMessage')]",
            "dependsOn": [
                "[resourceId('Microsoft.ApiManagement/service', parameters('service_apim_regional_poc_name'))]"
            ]
        },
        {
            "type": "Microsoft.ApiManagement/service/notifications",
            "apiVersion": "2024-06-01-preview",
            "name": "[concat(parameters('service_apim_regional_poc_name'), '/PurchasePublisherNotificationMessage')]",
            "dependsOn": [
                "[resourceId('Microsoft.ApiManagement/service', parameters('service_apim_regional_poc_name'))]"
            ]
        },
        {
            "type": "Microsoft.ApiManagement/service/notifications",
            "apiVersion": "2024-06-01-preview",
            "name": "[concat(parameters('service_apim_regional_poc_name'), '/QuotaLimitApproachingPublisherNotificationMessage')]",
            "dependsOn": [
                "[resourceId('Microsoft.ApiManagement/service', parameters('service_apim_regional_poc_name'))]"
            ]
        },
        {
            "type": "Microsoft.ApiManagement/service/notifications",
            "apiVersion": "2024-06-01-preview",
            "name": "[concat(parameters('service_apim_regional_poc_name'), '/RequestPublisherNotificationMessage')]",
            "dependsOn": [
                "[resourceId('Microsoft.ApiManagement/service', parameters('service_apim_regional_poc_name'))]"
            ]
        },
        {
            "type": "Microsoft.ApiManagement/service/policies",
            "apiVersion": "2024-06-01-preview",
            "name": "[concat(parameters('service_apim_regional_poc_name'), '/policy')]",
            "dependsOn": [
                "[resourceId('Microsoft.ApiManagement/service', parameters('service_apim_regional_poc_name'))]"
            ],
            "properties": {
                "value": "<!--\r\n    IMPORTANT:\r\n    - Policy elements can appear only within the <inbound>, <outbound>, <backend> section elements.\r\n    - Only the <forward-request> policy element can appear within the <backend> section element.\r\n    - To apply a policy to the incoming request (before it is forwarded to the backend service), place a corresponding policy element within the <inbound> section element.\r\n    - To apply a policy to the outgoing response (before it is sent back to the caller), place a corresponding policy element within the <outbound> section element.\r\n    - To add a policy position the cursor at the desired insertion point and click on the round button associated with the policy.\r\n    - To remove a policy, delete the corresponding policy statement from the policy document.\r\n    - Policies are applied in the order of their appearance, from the top down.\r\n-->\r\n<policies>\r\n  <inbound></inbound>\r\n  <backend>\r\n    <forward-request />\r\n  </backend>\r\n  <outbound></outbound>\r\n</policies>",
                "format": "xml"
            }
        },
        {
            "type": "Microsoft.ApiManagement/service/portalconfigs",
            "apiVersion": "2024-06-01-preview",
            "name": "[concat(parameters('service_apim_regional_poc_name'), '/default')]",
            "dependsOn": [
                "[resourceId('Microsoft.ApiManagement/service', parameters('service_apim_regional_poc_name'))]"
            ],
            "properties": {
                "enableBasicAuth": true,
                "signin": {
                    "require": false
                },
                "signup": {
                    "termsOfService": {
                        "requireConsent": false
                    }
                },
                "delegation": {
                    "delegateRegistration": false,
                    "delegateSubscription": false
                },
                "cors": {
                    "allowedOrigins": []
                },
                "csp": {
                    "mode": "disabled",
                    "reportUri": [],
                    "allowedSources": []
                }
            }
        },
        {
            "type": "Microsoft.ApiManagement/service/properties",
            "apiVersion": "2019-01-01",
            "name": "[concat(parameters('service_apim_regional_poc_name'), '/current-region')]",
            "dependsOn": [
                "[resourceId('Microsoft.ApiManagement/service', parameters('service_apim_regional_poc_name'))]"
            ],
            "properties": {
                "displayName": "current-region",
                "value": "East US",
                "tags": [],
                "secret": false
            }
        },
        {
            "type": "Microsoft.ApiManagement/service/properties",
            "apiVersion": "2019-01-01",
            "name": "[concat(parameters('service_apim_regional_poc_name'), '/eastus-appinsights-endpoint')]",
            "dependsOn": [
                "[resourceId('Microsoft.ApiManagement/service', parameters('service_apim_regional_poc_name'))]"
            ],
            "properties": {
                "displayName": "eastus-appinsights-endpoint",
                "value": "https://eastus-8.in.applicationinsights.azure.com/v2/track",
                "tags": [],
                "secret": false
            }
        },
        {
            "type": "Microsoft.ApiManagement/service/properties",
            "apiVersion": "2019-01-01",
            "name": "[concat(parameters('service_apim_regional_poc_name'), '/eastus-appinsights-key')]",
            "dependsOn": [
                "[resourceId('Microsoft.ApiManagement/service', parameters('service_apim_regional_poc_name'))]"
            ],
            "properties": {
                "displayName": "eastus-appinsights-key",
                "value": "0c26ed97-d856-45bd-92d1-c6c6c1990c9b",
                "tags": [],
                "secret": false
            }
        },
        {
            "type": "Microsoft.ApiManagement/service/properties",
            "apiVersion": "2019-01-01",
            "name": "[concat(parameters('service_apim_regional_poc_name'), '/westus-appinsights-endpoint')]",
            "dependsOn": [
                "[resourceId('Microsoft.ApiManagement/service', parameters('service_apim_regional_poc_name'))]"
            ],
            "properties": {
                "displayName": "westus-appinsights-endpoint",
                "value": "https://westus-0.in.applicationinsights.azure.com/v2/track",
                "tags": [],
                "secret": false
            }
        },
        {
            "type": "Microsoft.ApiManagement/service/properties",
            "apiVersion": "2019-01-01",
            "name": "[concat(parameters('service_apim_regional_poc_name'), '/westus-appinsights-key')]",
            "dependsOn": [
                "[resourceId('Microsoft.ApiManagement/service', parameters('service_apim_regional_poc_name'))]"
            ],
            "properties": {
                "displayName": "westus-appinsights-key",
                "value": "69037eac-9fc0-4d13-81fd-6201e55bab5f",
                "tags": [],
                "secret": false
            }
        },
        {
            "type": "Microsoft.ApiManagement/service/subscriptions",
            "apiVersion": "2024-06-01-preview",
            "name": "[concat(parameters('service_apim_regional_poc_name'), '/master')]",
            "dependsOn": [
                "[resourceId('Microsoft.ApiManagement/service', parameters('service_apim_regional_poc_name'))]"
            ],
            "properties": {
                "scope": "[concat(resourceId('Microsoft.ApiManagement/service', parameters('service_apim_regional_poc_name')), '/')]",
                "displayName": "Built-in all-access subscription",
                "state": "active",
                "allowTracing": false
            }
        },
        {
            "type": "Microsoft.ApiManagement/service/templates",
            "apiVersion": "2024-06-01-preview",
            "name": "[concat(parameters('service_apim_regional_poc_name'), '/AccountClosedDeveloper')]",
            "dependsOn": [
                "[resourceId('Microsoft.ApiManagement/service', parameters('service_apim_regional_poc_name'))]"
            ],
            "properties": {
                "subject": "Thank you for using the $OrganizationName API!",
                "body": "<!DOCTYPE html >\r\n<html>\r\n  <head />\r\n  <body>\r\n    <p style=\"font-size:12pt;font-family:'Segoe UI'\">Dear $DevFirstName $DevLastName,</p>\r\n    <p style=\"font-size:12pt;font-family:'Segoe UI'\">\r\n          On behalf of $OrganizationName and our customers we thank you for giving us a try. Your $OrganizationName API account is now closed.\r\n        </p>\r\n    <p style=\"font-size:12pt;font-family:'Segoe UI'\">Thank you,</p>\r\n    <p style=\"font-size:12pt;font-family:'Segoe UI'\">Your $OrganizationName Team</p>\r\n    <a href=\"$DevPortalUrl\">$DevPortalUrl</a>\r\n    <p />\r\n  </body>\r\n</html>",
                "title": "Developer farewell letter",
                "description": "Developers receive this farewell email after they close their account.",
                "parameters": [
                    {
                        "name": "DevFirstName",
                        "title": "Developer first name"
                    },
                    {
                        "name": "DevLastName",
                        "title": "Developer last name"
                    },
                    {
                        "name": "OrganizationName",
                        "title": "Organization name"
                    },
                    {
                        "name": "DevPortalUrl",
                        "title": "Developer portal URL"
                    }
                ]
            }
        },
        {
            "type": "Microsoft.ApiManagement/service/templates",
            "apiVersion": "2024-06-01-preview",
            "name": "[concat(parameters('service_apim_regional_poc_name'), '/ApplicationApprovedNotificationMessage')]",
            "dependsOn": [
                "[resourceId('Microsoft.ApiManagement/service', parameters('service_apim_regional_poc_name'))]"
            ],
            "properties": {
                "subject": "Your application $AppName is published in the application gallery",
                "body": "<!DOCTYPE html >\r\n<html>\r\n  <head />\r\n  <body>\r\n    <p style=\"font-size:12pt;font-family:'Segoe UI'\">Dear $DevFirstName $DevLastName,</p>\r\n    <p style=\"font-size:12pt;font-family:'Segoe UI'\">\r\n          We are happy to let you know that your request to publish the $AppName application in the application gallery has been approved. Your application has been published and can be viewed <a href=\"http://$DevPortalUrl/Applications/Details/$AppId\">here</a>.\r\n        </p>\r\n    <p style=\"font-size:12pt;font-family:'Segoe UI'\">Best,</p>\r\n    <p style=\"font-size:12pt;font-family:'Segoe UI'\">The $OrganizationName API Team</p>\r\n  </body>\r\n</html>",
                "title": "Application gallery submission approved (deprecated)",
                "description": "Developers who submitted their application for publication in the application gallery on the developer portal receive this email after their submission is approved.",
                "parameters": [
                    {
                        "name": "AppId",
                        "title": "Application id"
                    },
                    {
                        "name": "AppName",
                        "title": "Application name"
                    },
                    {
                        "name": "DevFirstName",
                        "title": "Developer first name"
                    },
                    {
                        "name": "DevLastName",
                        "title": "Developer last name"
                    },
                    {
                        "name": "OrganizationName",
                        "title": "Organization name"
                    },
                    {
                        "name": "DevPortalUrl",
                        "title": "Developer portal URL"
                    }
                ]
            }
        },
        {
            "type": "Microsoft.ApiManagement/service/templates",
            "apiVersion": "2024-06-01-preview",
            "name": "[concat(parameters('service_apim_regional_poc_name'), '/ConfirmSignUpIdentityDefault')]",
            "dependsOn": [
                "[resourceId('Microsoft.ApiManagement/service', parameters('service_apim_regional_poc_name'))]"
            ],
            "properties": {
                "subject": "Please confirm your new $OrganizationName API account",
                "body": "<!DOCTYPE html >\r\n<html>\r\n  <head>\r\n    <meta charset=\"UTF-8\" />\r\n    <title>Letter</title>\r\n  </head>\r\n  <body>\r\n    <table width=\"100%\">\r\n      <tr>\r\n        <td>\r\n          <p style=\"font-size:12pt;font-family:'Segoe UI'\">Dear $DevFirstName $DevLastName,</p>\r\n          <p style=\"font-size:12pt;font-family:'Segoe UI'\"></p>\r\n          <p style=\"font-size:12pt;font-family:'Segoe UI'\">Thank you for joining the $OrganizationName API program! We host a growing number of cool APIs and strive to provide an awesome experience for API developers.</p>\r\n          <p style=\"font-size:12pt;font-family:'Segoe UI'\">First order of business is to activate your account and get you going. To that end, please click on the following link:</p>\r\n          <p style=\"font-size:12pt;font-family:'Segoe UI'\">\r\n            <a id=\"confirmUrl\" href=\"$ConfirmUrl\" style=\"text-decoration:none\">\r\n              <strong>$ConfirmUrl</strong>\r\n            </a>\r\n          </p>\r\n          <p style=\"font-size:12pt;font-family:'Segoe UI'\">If clicking the link does not work, please copy-and-paste or re-type it into your browser's address bar and hit \"Enter\".</p>\r\n          <p style=\"font-size:12pt;font-family:'Segoe UI'\">Thank you,</p>\r\n          <p style=\"font-size:12pt;font-family:'Segoe UI'\">$OrganizationName API Team</p>\r\n          <p style=\"font-size:12pt;font-family:'Segoe UI'\">\r\n            <a href=\"$DevPortalUrl\">$DevPortalUrl</a>\r\n          </p>\r\n        </td>\r\n      </tr>\r\n    </table>\r\n  </body>\r\n</html>",
                "title": "New developer account confirmation",
                "description": "Developers receive this email to confirm their e-mail address after they sign up for a new account.",
                "parameters": [
                    {
                        "name": "DevFirstName",
                        "title": "Developer first name"
                    },
                    {
                        "name": "DevLastName",
                        "title": "Developer last name"
                    },
                    {
                        "name": "OrganizationName",
                        "title": "Organization name"
                    },
                    {
                        "name": "DevPortalUrl",
                        "title": "Developer portal URL"
                    },
                    {
                        "name": "ConfirmUrl",
                        "title": "Developer activation URL"
                    },
                    {
                        "name": "DevPortalHost",
                        "title": "Developer portal hostname"
                    },
                    {
                        "name": "ConfirmQuery",
                        "title": "Query string part of the activation URL"
                    }
                ]
            }
        },
        {
            "type": "Microsoft.ApiManagement/service/templates",
            "apiVersion": "2024-06-01-preview",
            "name": "[concat(parameters('service_apim_regional_poc_name'), '/EmailChangeIdentityDefault')]",
            "dependsOn": [
                "[resourceId('Microsoft.ApiManagement/service', parameters('service_apim_regional_poc_name'))]"
            ],
            "properties": {
                "subject": "Please confirm the new email associated with your $OrganizationName API account",
                "body": "<!DOCTYPE html >\r\n<html>\r\n  <head>\r\n    <meta charset=\"UTF-8\" />\r\n    <title>Letter</title>\r\n  </head>\r\n  <body>\r\n    <table width=\"100%\">\r\n      <tr>\r\n        <td>\r\n          <p style=\"font-size:12pt;font-family:'Segoe UI'\">Dear $DevFirstName $DevLastName,</p>\r\n          <p style=\"font-size:12pt;font-family:'Segoe UI'\"></p>\r\n          <p style=\"font-size:12pt;font-family:'Segoe UI'\">You are receiving this email because you made a change to the email address on your $OrganizationName API account.</p>\r\n          <p style=\"font-size:12pt;font-family:'Segoe UI'\">Please click on the following link to confirm the change:</p>\r\n          <p style=\"font-size:12pt;font-family:'Segoe UI'\">\r\n            <a id=\"confirmUrl\" href=\"$ConfirmUrl\" style=\"text-decoration:none\">\r\n              <strong>$ConfirmUrl</strong>\r\n            </a>\r\n          </p>\r\n          <p style=\"font-size:12pt;font-family:'Segoe UI'\">If clicking the link does not work, please copy-and-paste or re-type it into your browser's address bar and hit \"Enter\".</p>\r\n          <p style=\"font-size:12pt;font-family:'Segoe UI'\">Thank you,</p>\r\n          <p style=\"font-size:12pt;font-family:'Segoe UI'\">$OrganizationName API Team</p>\r\n          <p style=\"font-size:12pt;font-family:'Segoe UI'\">\r\n            <a href=\"$DevPortalUrl\">$DevPortalUrl</a>\r\n          </p>\r\n        </td>\r\n      </tr>\r\n    </table>\r\n  </body>\r\n</html>",
                "title": "Email change confirmation",
                "description": "Developers receive this email to confirm a new e-mail address after they change their existing one associated with their account.",
                "parameters": [
                    {
                        "name": "DevFirstName",
                        "title": "Developer first name"
                    },
                    {
                        "name": "DevLastName",
                        "title": "Developer last name"
                    },
                    {
                        "name": "OrganizationName",
                        "title": "Organization name"
                    },
                    {
                        "name": "DevPortalUrl",
                        "title": "Developer portal URL"
                    },
                    {
                        "name": "ConfirmUrl",
                        "title": "Developer confirmation URL"
                    },
                    {
                        "name": "DevPortalHost",
                        "title": "Developer portal hostname"
                    },
                    {
                        "name": "ConfirmQuery",
                        "title": "Query string part of the confirmation URL"
                    }
                ]
            }
        },
        {
            "type": "Microsoft.ApiManagement/service/templates",
            "apiVersion": "2024-06-01-preview",
            "name": "[concat(parameters('service_apim_regional_poc_name'), '/InviteUserNotificationMessage')]",
            "dependsOn": [
                "[resourceId('Microsoft.ApiManagement/service', parameters('service_apim_regional_poc_name'))]"
            ],
            "properties": {
                "subject": "You are invited to join the $OrganizationName developer network",
                "body": "<!DOCTYPE html >\r\n<html>\r\n  <head />\r\n  <body>\r\n    <p style=\"font-size:12pt;font-family:'Segoe UI'\">Dear $DevFirstName $DevLastName,</p>\r\n    <p style=\"font-size:12pt;font-family:'Segoe UI'\">\r\n          Your account has been created. Please follow the link below to visit the $OrganizationName developer portal and claim it:\r\n        </p>\r\n    <p style=\"font-size:12pt;font-family:'Segoe UI'\">\r\n      <a href=\"$ConfirmUrl\">$ConfirmUrl</a>\r\n    </p>\r\n    <p style=\"font-size:12pt;font-family:'Segoe UI'\">Best,</p>\r\n    <p style=\"font-size:12pt;font-family:'Segoe UI'\">The $OrganizationName API Team</p>\r\n  </body>\r\n</html>",
                "title": "Invite user",
                "description": "An e-mail invitation to create an account, sent on request by API publishers.",
                "parameters": [
                    {
                        "name": "OrganizationName",
                        "title": "Organization name"
                    },
                    {
                        "name": "DevFirstName",
                        "title": "Developer first name"
                    },
                    {
                        "name": "DevLastName",
                        "title": "Developer last name"
                    },
                    {
                        "name": "ConfirmUrl",
                        "title": "Confirmation link"
                    },
                    {
                        "name": "DevPortalHost",
                        "title": "Developer portal hostname"
                    },
                    {
                        "name": "ConfirmQuery",
                        "title": "Query string part of the confirmation link"
                    }
                ]
            }
        },
        {
            "type": "Microsoft.ApiManagement/service/templates",
            "apiVersion": "2024-06-01-preview",
            "name": "[concat(parameters('service_apim_regional_poc_name'), '/NewCommentNotificationMessage')]",
            "dependsOn": [
                "[resourceId('Microsoft.ApiManagement/service', parameters('service_apim_regional_poc_name'))]"
            ],
            "properties": {
                "subject": "$IssueName issue has a new comment",
                "body": "<!DOCTYPE html >\r\n<html>\r\n  <head />\r\n  <body>\r\n    <p style=\"font-size:12pt;font-family:'Segoe UI'\">Dear $DevFirstName $DevLastName,</p>\r\n    <p style=\"font-size:12pt;font-family:'Segoe UI'\">This is a brief note to let you know that $CommenterFirstName $CommenterLastName made the following comment on the issue $IssueName you created:</p>\r\n    <p style=\"font-size:12pt;font-family:'Segoe UI'\">$CommentText</p>\r\n    <p style=\"font-size:12pt;font-family:'Segoe UI'\">\r\n          To view the issue on the developer portal click <a href=\"http://$DevPortalUrl/issues/$IssueId\">here</a>.\r\n        </p>\r\n    <p style=\"font-size:12pt;font-family:'Segoe UI'\">Best,</p>\r\n    <p style=\"font-size:12pt;font-family:'Segoe UI'\">The $OrganizationName API Team</p>\r\n  </body>\r\n</html>",
                "title": "New comment added to an issue (deprecated)",
                "description": "Developers receive this email when someone comments on the issue they created on the Issues page of the developer portal.",
                "parameters": [
                    {
                        "name": "DevFirstName",
                        "title": "Developer first name"
                    },
                    {
                        "name": "DevLastName",
                        "title": "Developer last name"
                    },
                    {
                        "name": "CommenterFirstName",
                        "title": "Commenter first name"
                    },
                    {
                        "name": "CommenterLastName",
                        "title": "Commenter last name"
                    },
                    {
                        "name": "IssueId",
                        "title": "Issue id"
                    },
                    {
                        "name": "IssueName",
                        "title": "Issue name"
                    },
                    {
                        "name": "CommentText",
                        "title": "Comment text"
                    },
                    {
                        "name": "OrganizationName",
                        "title": "Organization name"
                    },
                    {
                        "name": "DevPortalUrl",
                        "title": "Developer portal URL"
                    }
                ]
            }
        },
        {
            "type": "Microsoft.ApiManagement/service/templates",
            "apiVersion": "2024-06-01-preview",
            "name": "[concat(parameters('service_apim_regional_poc_name'), '/NewDeveloperNotificationMessage')]",
            "dependsOn": [
                "[resourceId('Microsoft.ApiManagement/service', parameters('service_apim_regional_poc_name'))]"
            ],
            "properties": {
                "subject": "Welcome to the $OrganizationName API!",
                "body": "<!DOCTYPE html >\r\n<html>\r\n  <head>\r\n    <meta charset=\"UTF-8\" />\r\n    <title>Letter</title>\r\n  </head>\r\n  <body>\r\n    <h1 style=\"color:#000505;font-size:18pt;font-family:'Segoe UI'\">\r\n          Welcome to <span style=\"color:#003363\">$OrganizationName API!</span></h1>\r\n    <p style=\"font-size:12pt;font-family:'Segoe UI'\">Dear $DevFirstName $DevLastName,</p>\r\n    <p style=\"font-size:12pt;font-family:'Segoe UI'\">Your $OrganizationName API program registration is completed and we are thrilled to have you as a customer. Here are a few important bits of information for your reference:</p>\r\n    <table width=\"100%\" style=\"margin:20px 0\">\r\n      <tr>\r\n            #if ($IdentityProvider == \"Basic\")\r\n            <td width=\"50%\" style=\"height:40px;vertical-align:top;font-family:'Segoe UI';font-size:12pt\">\r\n              Please use the following <strong>username</strong> when signing into any of the ${OrganizationName}-hosted developer portals:\r\n            </td><td style=\"vertical-align:top;font-family:'Segoe UI';font-size:12pt\"><strong>$DevUsername</strong></td>\r\n            #else\r\n            <td width=\"50%\" style=\"height:40px;vertical-align:top;font-family:'Segoe UI';font-size:12pt\">\r\n              Please use the following <strong>$IdentityProvider account</strong> when signing into any of the ${OrganizationName}-hosted developer portals:\r\n            </td><td style=\"vertical-align:top;font-family:'Segoe UI';font-size:12pt\"><strong>$DevUsername</strong></td>            \r\n            #end\r\n          </tr>\r\n      <tr>\r\n        <td style=\"height:40px;vertical-align:top;font-family:'Segoe UI';font-size:12pt\">\r\n              We will direct all communications to the following <strong>email address</strong>:\r\n            </td>\r\n        <td style=\"vertical-align:top;font-family:'Segoe UI';font-size:12pt\">\r\n          <a href=\"mailto:$DevEmail\" style=\"text-decoration:none\">\r\n            <strong>$DevEmail</strong>\r\n          </a>\r\n        </td>\r\n      </tr>\r\n    </table>\r\n    <p style=\"font-size:12pt;font-family:'Segoe UI'\">Best of luck in your API pursuits!</p>\r\n    <p style=\"font-size:12pt;font-family:'Segoe UI'\">$OrganizationName API Team</p>\r\n    <p style=\"font-size:12pt;font-family:'Segoe UI'\">\r\n      <a href=\"http://$DevPortalUrl\">$DevPortalUrl</a>\r\n    </p>\r\n  </body>\r\n</html>",
                "title": "Developer welcome letter",
                "description": "Developers receive this “welcome” email after they confirm their new account.",
                "parameters": [
                    {
                        "name": "DevFirstName",
                        "title": "Developer first name"
                    },
                    {
                        "name": "DevLastName",
                        "title": "Developer last name"
                    },
                    {
                        "name": "DevUsername",
                        "title": "Developer user name"
                    },
                    {
                        "name": "DevEmail",
                        "title": "Developer email"
                    },
                    {
                        "name": "OrganizationName",
                        "title": "Organization name"
                    },
                    {
                        "name": "DevPortalUrl",
                        "title": "Developer portal URL"
                    },
                    {
                        "name": "IdentityProvider",
                        "title": "Identity Provider selected by Organization"
                    }
                ]
            }
        },
        {
            "type": "Microsoft.ApiManagement/service/templates",
            "apiVersion": "2024-06-01-preview",
            "name": "[concat(parameters('service_apim_regional_poc_name'), '/NewIssueNotificationMessage')]",
            "dependsOn": [
                "[resourceId('Microsoft.ApiManagement/service', parameters('service_apim_regional_poc_name'))]"
            ],
            "properties": {
                "subject": "Your request $IssueName was received",
                "body": "<!DOCTYPE html >\r\n<html>\r\n  <head />\r\n  <body>\r\n    <p style=\"font-size:12pt;font-family:'Segoe UI'\">Dear $DevFirstName $DevLastName,</p>\r\n    <p style=\"font-size:12pt;font-family:'Segoe UI'\">Thank you for contacting us. Our API team will review your issue and get back to you soon.</p>\r\n    <p style=\"font-size:12pt;font-family:'Segoe UI'\">\r\n          Click this <a href=\"http://$DevPortalUrl/issues/$IssueId\">link</a> to view or edit your request.\r\n        </p>\r\n    <p style=\"font-size:12pt;font-family:'Segoe UI'\">Best,</p>\r\n    <p style=\"font-size:12pt;font-family:'Segoe UI'\">The $OrganizationName API Team</p>\r\n  </body>\r\n</html>",
                "title": "New issue received (deprecated)",
                "description": "This email is sent to developers after they create a new topic on the Issues page of the developer portal.",
                "parameters": [
                    {
                        "name": "DevFirstName",
                        "title": "Developer first name"
                    },
                    {
                        "name": "DevLastName",
                        "title": "Developer last name"
                    },
                    {
                        "name": "IssueId",
                        "title": "Issue id"
                    },
                    {
                        "name": "IssueName",
                        "title": "Issue name"
                    },
                    {
                        "name": "OrganizationName",
                        "title": "Organization name"
                    },
                    {
                        "name": "DevPortalUrl",
                        "title": "Developer portal URL"
                    }
                ]
            }
        },
        {
            "type": "Microsoft.ApiManagement/service/templates",
            "apiVersion": "2024-06-01-preview",
            "name": "[concat(parameters('service_apim_regional_poc_name'), '/PasswordResetByAdminNotificationMessage')]",
            "dependsOn": [
                "[resourceId('Microsoft.ApiManagement/service', parameters('service_apim_regional_poc_name'))]"
            ],
            "properties": {
                "subject": "Your password was reset",
                "body": "<!DOCTYPE html >\r\n<html>\r\n  <head />\r\n  <body>\r\n    <table width=\"100%\">\r\n      <tr>\r\n        <td>\r\n          <p style=\"font-size:12pt;font-family:'Segoe UI'\">Dear $DevFirstName $DevLastName,</p>\r\n          <p style=\"font-size:12pt;font-family:'Segoe UI'\"></p>\r\n          <p style=\"font-size:12pt;font-family:'Segoe UI'\">The password of your $OrganizationName API account has been reset, per your request.</p>\r\n          <p style=\"font-size:12pt;font-family:'Segoe UI'\">\r\n                Your new password is: <strong>$DevPassword</strong></p>\r\n          <p style=\"font-size:12pt;font-family:'Segoe UI'\">Please make sure to change it next time you sign in.</p>\r\n          <p style=\"font-size:12pt;font-family:'Segoe UI'\">Thank you,</p>\r\n          <p style=\"font-size:12pt;font-family:'Segoe UI'\">$OrganizationName API Team</p>\r\n          <p style=\"font-size:12pt;font-family:'Segoe UI'\">\r\n            <a href=\"$DevPortalUrl\">$DevPortalUrl</a>\r\n          </p>\r\n        </td>\r\n      </tr>\r\n    </table>\r\n  </body>\r\n</html>",
                "title": "Password reset by publisher notification (Password reset by admin)",
                "description": "Developers receive this email when the publisher resets their password.",
                "parameters": [
                    {
                        "name": "DevFirstName",
                        "title": "Developer first name"
                    },
                    {
                        "name": "DevLastName",
                        "title": "Developer last name"
                    },
                    {
                        "name": "DevPassword",
                        "title": "New Developer password"
                    },
                    {
                        "name": "OrganizationName",
                        "title": "Organization name"
                    },
                    {
                        "name": "DevPortalUrl",
                        "title": "Developer portal URL"
                    }
                ]
            }
        },
        {
            "type": "Microsoft.ApiManagement/service/templates",
            "apiVersion": "2024-06-01-preview",
            "name": "[concat(parameters('service_apim_regional_poc_name'), '/PasswordResetIdentityDefault')]",
            "dependsOn": [
                "[resourceId('Microsoft.ApiManagement/service', parameters('service_apim_regional_poc_name'))]"
            ],
            "properties": {
                "subject": "Your password change request",
                "body": "<!DOCTYPE html >\r\n<html>\r\n  <head>\r\n    <meta charset=\"UTF-8\" />\r\n    <title>Letter</title>\r\n  </head>\r\n  <body>\r\n    <table width=\"100%\">\r\n      <tr>\r\n        <td>\r\n          <p style=\"font-size:12pt;font-family:'Segoe UI'\">Dear $DevFirstName $DevLastName,</p>\r\n          <p style=\"font-size:12pt;font-family:'Segoe UI'\"></p>\r\n          <p style=\"font-size:12pt;font-family:'Segoe UI'\">You are receiving this email because you requested to change the password on your $OrganizationName API account.</p>\r\n          <p style=\"font-size:12pt;font-family:'Segoe UI'\">Please click on the link below and follow instructions to create your new password:</p>\r\n          <p style=\"font-size:12pt;font-family:'Segoe UI'\">\r\n            <a id=\"resetUrl\" href=\"$ConfirmUrl\" style=\"text-decoration:none\">\r\n              <strong>$ConfirmUrl</strong>\r\n            </a>\r\n          </p>\r\n          <p style=\"font-size:12pt;font-family:'Segoe UI'\">If clicking the link does not work, please copy-and-paste or re-type it into your browser's address bar and hit \"Enter\".</p>\r\n          <p style=\"font-size:12pt;font-family:'Segoe UI'\">Thank you,</p>\r\n          <p style=\"font-size:12pt;font-family:'Segoe UI'\">$OrganizationName API Team</p>\r\n          <p style=\"font-size:12pt;font-family:'Segoe UI'\">\r\n            <a href=\"$DevPortalUrl\">$DevPortalUrl</a>\r\n          </p>\r\n        </td>\r\n      </tr>\r\n    </table>\r\n  </body>\r\n</html>",
                "title": "Password change confirmation",
                "description": "Developers receive this email when they request a password change of their account. The purpose of the email is to verify that the account owner made the request and to provide a one-time perishable URL for changing the password.",
                "parameters": [
                    {
                        "name": "DevFirstName",
                        "title": "Developer first name"
                    },
                    {
                        "name": "DevLastName",
                        "title": "Developer last name"
                    },
                    {
                        "name": "OrganizationName",
                        "title": "Organization name"
                    },
                    {
                        "name": "DevPortalUrl",
                        "title": "Developer portal URL"
                    },
                    {
                        "name": "ConfirmUrl",
                        "title": "Developer new password instruction URL"
                    },
                    {
                        "name": "DevPortalHost",
                        "title": "Developer portal hostname"
                    },
                    {
                        "name": "ConfirmQuery",
                        "title": "Query string part of the instruction URL"
                    }
                ]
            }
        },
        {
            "type": "Microsoft.ApiManagement/service/templates",
            "apiVersion": "2024-06-01-preview",
            "name": "[concat(parameters('service_apim_regional_poc_name'), '/PurchaseDeveloperNotificationMessage')]",
            "dependsOn": [
                "[resourceId('Microsoft.ApiManagement/service', parameters('service_apim_regional_poc_name'))]"
            ],
            "properties": {
                "subject": "Your subscription to the $ProdName",
                "body": "<!DOCTYPE html >\r\n<html>\r\n  <head />\r\n  <body>\r\n    <p style=\"font-size:12pt;font-family:'Segoe UI'\">Greetings $DevFirstName $DevLastName!</p>\r\n    <p style=\"font-size:12pt;font-family:'Segoe UI'\">\r\n          Thank you for subscribing to the <a href=\"http://$DevPortalUrl/products/$ProdId\"><strong>$ProdName</strong></a> and welcome to the $OrganizationName developer community. We are delighted to have you as part of the team and are looking forward to the amazing applications you will build using our API!\r\n        </p>\r\n    <p style=\"font-size:12pt;font-family:'Segoe UI'\">Below are a few subscription details for your reference:</p>\r\n    <p style=\"font-size:12pt;font-family:'Segoe UI'\">\r\n      <ul>\r\n            #if ($SubStartDate != \"\")\r\n            <li style=\"font-size:12pt;font-family:'Segoe UI'\">Start date: $SubStartDate</li>\r\n            #end\r\n            \r\n            #if ($SubTerm != \"\")\r\n            <li style=\"font-size:12pt;font-family:'Segoe UI'\">Subscription term: $SubTerm</li>\r\n            #end\r\n          </ul>\r\n    </p>\r\n    <p style=\"font-size:12pt;font-family:'Segoe UI'\">\r\n            Visit the developer <a href=\"http://$DevPortalUrl/developer\">profile area</a> to manage your subscription and subscription keys\r\n        </p>\r\n    <p style=\"font-size:12pt;font-family:'Segoe UI'\">A couple of pointers to help get you started:</p>\r\n    <p style=\"font-size:12pt;font-family:'Segoe UI'\">\r\n      <strong>\r\n        <a href=\"http://$DevPortalUrl/docs/services?product=$ProdId\">Learn about the API</a>\r\n      </strong>\r\n    </p>\r\n    <p style=\"font-size:12pt;font-family:'Segoe UI'\">The API documentation provides all information necessary to make a request and to process a response. Code samples are provided per API operation in a variety of languages. Moreover, an interactive console allows making API calls directly from the developer portal without writing any code.</p>\r\n    <p style=\"font-size:12pt;font-family:'Segoe UI'\">\r\n      <strong>\r\n        <a href=\"http://$DevPortalUrl/applications\">Feature your app in the app gallery</a>\r\n      </strong>\r\n    </p>\r\n    <p style=\"font-size:12pt;font-family:'Segoe UI'\">You can publish your application on our gallery for increased visibility to potential new users.</p>\r\n    <p style=\"font-size:12pt;font-family:'Segoe UI'\">\r\n      <strong>\r\n        <a href=\"http://$DevPortalUrl/issues\">Stay in touch</a>\r\n      </strong>\r\n    </p>\r\n    <p style=\"font-size:12pt;font-family:'Segoe UI'\">\r\n          If you have an issue, a question, a suggestion, a request, or if you just want to tell us something, go to the <a href=\"http://$DevPortalUrl/issues\">Issues</a> page on the developer portal and create a new topic.\r\n        </p>\r\n    <p style=\"font-size:12pt;font-family:'Segoe UI'\">Happy hacking,</p>\r\n    <p style=\"font-size:12pt;font-family:'Segoe UI'\">The $OrganizationName API Team</p>\r\n    <a style=\"font-size:12pt;font-family:'Segoe UI'\" href=\"http://$DevPortalUrl\">$DevPortalUrl</a>\r\n  </body>\r\n</html>",
                "title": "New subscription activated",
                "description": "Developers receive this acknowledgement email after subscribing to a product.",
                "parameters": [
                    {
                        "name": "DevFirstName",
                        "title": "Developer first name"
                    },
                    {
                        "name": "DevLastName",
                        "title": "Developer last name"
                    },
                    {
                        "name": "ProdId",
                        "title": "Product ID"
                    },
                    {
                        "name": "ProdName",
                        "title": "Product name"
                    },
                    {
                        "name": "OrganizationName",
                        "title": "Organization name"
                    },
                    {
                        "name": "SubStartDate",
                        "title": "Subscription start date"
                    },
                    {
                        "name": "SubTerm",
                        "title": "Subscription term"
                    },
                    {
                        "name": "DevPortalUrl",
                        "title": "Developer portal URL"
                    }
                ]
            }
        },
        {
            "type": "Microsoft.ApiManagement/service/templates",
            "apiVersion": "2024-06-01-preview",
            "name": "[concat(parameters('service_apim_regional_poc_name'), '/QuotaLimitApproachingDeveloperNotificationMessage')]",
            "dependsOn": [
                "[resourceId('Microsoft.ApiManagement/service', parameters('service_apim_regional_poc_name'))]"
            ],
            "properties": {
                "subject": "You are approaching an API quota limit",
                "body": "<!DOCTYPE html >\r\n<html>\r\n  <head>\r\n    <style>\r\n          body {font-size:12pt; font-family:\"Segoe UI\",\"Segoe WP\",\"Tahoma\",\"Arial\",\"sans-serif\";}\r\n          .alert { color: red; }\r\n          .child1 { padding-left: 20px; }\r\n          .child2 { padding-left: 40px; }\r\n          .number { text-align: right; }\r\n          .text { text-align: left; }\r\n          th, td { padding: 4px 10px; min-width: 100px; }\r\n          th { background-color: #DDDDDD;}\r\n        </style>\r\n  </head>\r\n  <body>\r\n    <p>Greetings $DevFirstName $DevLastName!</p>\r\n    <p>\r\n          You are approaching the quota limit on you subscription to the <strong>$ProdName</strong> product (primary key $SubPrimaryKey).\r\n          #if ($QuotaResetDate != \"\")\r\n          This quota will be renewed on $QuotaResetDate.\r\n          #else\r\n          This quota will not be renewed.\r\n          #end\r\n        </p>\r\n    <p>Below are details on quota usage for the subscription:</p>\r\n    <p>\r\n      <table>\r\n        <thead>\r\n          <th class=\"text\">Quota Scope</th>\r\n          <th class=\"number\">Calls</th>\r\n          <th class=\"number\">Call Quota</th>\r\n          <th class=\"number\">Bandwidth</th>\r\n          <th class=\"number\">Bandwidth Quota</th>\r\n        </thead>\r\n        <tbody>\r\n          <tr>\r\n            <td class=\"text\">Subscription</td>\r\n            <td class=\"number\">\r\n                  #if ($CallsAlert == true)\r\n                  <span class=\"alert\">$Calls</span>\r\n                  #else\r\n                  $Calls\r\n                  #end\r\n                </td>\r\n            <td class=\"number\">$CallQuota</td>\r\n            <td class=\"number\">\r\n                  #if ($BandwidthAlert == true)\r\n                  <span class=\"alert\">$Bandwidth</span>\r\n                  #else\r\n                  $Bandwidth\r\n                  #end\r\n                </td>\r\n            <td class=\"number\">$BandwidthQuota</td>\r\n          </tr>\r\n              #foreach ($api in $Apis)\r\n              <tr><td class=\"child1 text\">API: $api.Name</td><td class=\"number\">\r\n                  #if ($api.CallsAlert == true)\r\n                  <span class=\"alert\">$api.Calls</span>\r\n                  #else\r\n                  $api.Calls\r\n                  #end\r\n                </td><td class=\"number\">$api.CallQuota</td><td class=\"number\">\r\n                  #if ($api.BandwidthAlert == true)\r\n                  <span class=\"alert\">$api.Bandwidth</span>\r\n                  #else\r\n                  $api.Bandwidth\r\n                  #end\r\n                </td><td class=\"number\">$api.BandwidthQuota</td></tr>\r\n              #foreach ($operation in $api.Operations)\r\n              <tr><td class=\"child2 text\">Operation: $operation.Name</td><td class=\"number\">\r\n                  #if ($operation.CallsAlert == true)\r\n                  <span class=\"alert\">$operation.Calls</span>\r\n                  #else\r\n                  $operation.Calls\r\n                  #end\r\n                </td><td class=\"number\">$operation.CallQuota</td><td class=\"number\">\r\n                  #if ($operation.BandwidthAlert == true)\r\n                  <span class=\"alert\">$operation.Bandwidth</span>\r\n                  #else\r\n                  $operation.Bandwidth\r\n                  #end\r\n                </td><td class=\"number\">$operation.BandwidthQuota</td></tr>\r\n              #end\r\n              #end\r\n            </tbody>\r\n      </table>\r\n    </p>\r\n    <p>Thank you,</p>\r\n    <p>$OrganizationName API Team</p>\r\n    <a href=\"$DevPortalUrl\">$DevPortalUrl</a>\r\n    <p />\r\n  </body>\r\n</html>",
                "title": "Developer quota limit approaching notification",
                "description": "Developers receive this email to alert them when they are approaching a quota limit.",
                "parameters": [
                    {
                        "name": "DevFirstName",
                        "title": "Developer first name"
                    },
                    {
                        "name": "DevLastName",
                        "title": "Developer last name"
                    },
                    {
                        "name": "ProdName",
                        "title": "Product name"
                    },
                    {
                        "name": "OrganizationName",
                        "title": "Organization name"
                    },
                    {
                        "name": "SubPrimaryKey",
                        "title": "Primary Subscription key"
                    },
                    {
                        "name": "DevPortalUrl",
                        "title": "Developer portal URL"
                    },
                    {
                        "name": "QuotaResetDate",
                        "title": "Quota reset date"
                    }
                ]
            }
        },
        {
            "type": "Microsoft.ApiManagement/service/templates",
            "apiVersion": "2024-06-01-preview",
            "name": "[concat(parameters('service_apim_regional_poc_name'), '/RejectDeveloperNotificationMessage')]",
            "dependsOn": [
                "[resourceId('Microsoft.ApiManagement/service', parameters('service_apim_regional_poc_name'))]"
            ],
            "properties": {
                "subject": "Your subscription request for the $ProdName",
                "body": "<!DOCTYPE html >\r\n<html>\r\n  <head />\r\n  <body>\r\n    <p style=\"font-size:12pt;font-family:'Segoe UI'\">Dear $DevFirstName $DevLastName,</p>\r\n    <p style=\"font-size:12pt;font-family:'Segoe UI'\">\r\n          We would like to inform you that we reviewed your subscription request for the <strong>$ProdName</strong>.\r\n        </p>\r\n        #if ($SubDeclineReason == \"\")\r\n        <p style=\"font-size:12pt;font-family:'Segoe UI'\">Regretfully, we were unable to approve it, as subscriptions are temporarily suspended at this time.</p>\r\n        #else\r\n        <p style=\"font-size:12pt;font-family:'Segoe UI'\">\r\n          Regretfully, we were unable to approve it at this time for the following reason:\r\n          <div style=\"margin-left: 1.5em;\"> $SubDeclineReason </div></p>\r\n        #end\r\n        <p style=\"font-size:12pt;font-family:'Segoe UI'\"> We truly appreciate your interest. </p><p style=\"font-size:12pt;font-family:'Segoe UI'\">All the best,</p><p style=\"font-size:12pt;font-family:'Segoe UI'\">The $OrganizationName API Team</p><a style=\"font-size:12pt;font-family:'Segoe UI'\" href=\"http://$DevPortalUrl\">$DevPortalUrl</a></body>\r\n</html>",
                "title": "Subscription request declined",
                "description": "This email is sent to developers when their subscription requests for products requiring publisher approval is declined.",
                "parameters": [
                    {
                        "name": "DevFirstName",
                        "title": "Developer first name"
                    },
                    {
                        "name": "DevLastName",
                        "title": "Developer last name"
                    },
                    {
                        "name": "SubDeclineReason",
                        "title": "Reason for declining subscription"
                    },
                    {
                        "name": "ProdName",
                        "title": "Product name"
                    },
                    {
                        "name": "OrganizationName",
                        "title": "Organization name"
                    },
                    {
                        "name": "DevPortalUrl",
                        "title": "Developer portal URL"
                    }
                ]
            }
        },
        {
            "type": "Microsoft.ApiManagement/service/templates",
            "apiVersion": "2024-06-01-preview",
            "name": "[concat(parameters('service_apim_regional_poc_name'), '/RequestDeveloperNotificationMessage')]",
            "dependsOn": [
                "[resourceId('Microsoft.ApiManagement/service', parameters('service_apim_regional_poc_name'))]"
            ],
            "properties": {
                "subject": "Your subscription request for the $ProdName",
                "body": "<!DOCTYPE html >\r\n<html>\r\n  <head />\r\n  <body>\r\n    <p style=\"font-size:12pt;font-family:'Segoe UI'\">Dear $DevFirstName $DevLastName,</p>\r\n    <p style=\"font-size:12pt;font-family:'Segoe UI'\">\r\n          Thank you for your interest in our <strong>$ProdName</strong> API product!\r\n        </p>\r\n    <p style=\"font-size:12pt;font-family:'Segoe UI'\">\r\n          We were delighted to receive your subscription request. We will promptly review it and get back to you at <strong>$DevEmail</strong>.\r\n        </p>\r\n    <p style=\"font-size:12pt;font-family:'Segoe UI'\">Thank you,</p>\r\n    <p style=\"font-size:12pt;font-family:'Segoe UI'\">The $OrganizationName API Team</p>\r\n    <a style=\"font-size:12pt;font-family:'Segoe UI'\" href=\"http://$DevPortalUrl\">$DevPortalUrl</a>\r\n  </body>\r\n</html>",
                "title": "Subscription request received",
                "description": "This email is sent to developers to acknowledge receipt of their subscription requests for products requiring publisher approval.",
                "parameters": [
                    {
                        "name": "DevFirstName",
                        "title": "Developer first name"
                    },
                    {
                        "name": "DevLastName",
                        "title": "Developer last name"
                    },
                    {
                        "name": "DevEmail",
                        "title": "Developer email"
                    },
                    {
                        "name": "ProdName",
                        "title": "Product name"
                    },
                    {
                        "name": "OrganizationName",
                        "title": "Organization name"
                    },
                    {
                        "name": "DevPortalUrl",
                        "title": "Developer portal URL"
                    }
                ]
            }
        },
        {
            "type": "Microsoft.ApiManagement/service/users",
            "apiVersion": "2024-06-01-preview",
            "name": "[concat(parameters('service_apim_regional_poc_name'), '/1')]",
            "dependsOn": [
                "[resourceId('Microsoft.ApiManagement/service', parameters('service_apim_regional_poc_name'))]"
            ],
            "properties": {
                "firstName": "Administrator",
                "email": "parkrandy@gmail.com",
                "state": "active",
                "identities": [
                    {
                        "provider": "Azure",
                        "id": "parkrandy@gmail.com"
                    }
                ],
                "lastName": "[parameters('users_1_lastName')]"
            }
        },
        {
            "type": "Microsoft.ApiManagement/service/apis/operations",
            "apiVersion": "2024-06-01-preview",
            "name": "[concat(parameters('service_apim_regional_poc_name'), '/regional-telemetry-test/get-test')]",
            "dependsOn": [
                "[resourceId('Microsoft.ApiManagement/service/apis', parameters('service_apim_regional_poc_name'), 'regional-telemetry-test')]",
                "[resourceId('Microsoft.ApiManagement/service', parameters('service_apim_regional_poc_name'))]"
            ],
            "properties": {
                "displayName": "GET Test",
                "method": "GET",
                "urlTemplate": "/",
                "templateParameters": [],
                "responses": []
            }
        },
        {
            "type": "Microsoft.ApiManagement/service/apis/operations",
            "apiVersion": "2024-06-01-preview",
            "name": "[concat(parameters('service_apim_regional_poc_name'), '/regional-telemetry-test/post-test')]",
            "dependsOn": [
                "[resourceId('Microsoft.ApiManagement/service/apis', parameters('service_apim_regional_poc_name'), 'regional-telemetry-test')]",
                "[resourceId('Microsoft.ApiManagement/service', parameters('service_apim_regional_poc_name'))]"
            ],
            "properties": {
                "displayName": "POST Test",
                "method": "POST",
                "urlTemplate": "/",
                "templateParameters": [],
                "responses": []
            }
        },
        {
            "type": "Microsoft.ApiManagement/service/apis/policies",
            "apiVersion": "2024-06-01-preview",
            "name": "[concat(parameters('service_apim_regional_poc_name'), '/regional-telemetry-test/policy')]",
            "dependsOn": [
                "[resourceId('Microsoft.ApiManagement/service/apis', parameters('service_apim_regional_poc_name'), 'regional-telemetry-test')]",
                "[resourceId('Microsoft.ApiManagement/service', parameters('service_apim_regional_poc_name'))]"
            ],
            "properties": {
                "value": "<policies>\r\n  <inbound>\r\n    <base />\r\n    <set-variable name=\"deployment-region\" value=\"{{current-region}}\" />\r\n    <choose>\r\n      <when condition=\"@(&quot;East US&quot;.Equals((string)context.Variables[&quot;deployment-region&quot;]))\">\r\n        <set-variable name=\"appinsights-key\" value=\"{{eastus-appinsights-key}}\" />\r\n        <set-variable name=\"appinsights-endpoint\" value=\"{{eastus-appinsights-endpoint}}\" />\r\n        <set-variable name=\"region-name\" value=\"East US\" />\r\n      </when>\r\n      <when condition=\"@(&quot;West US&quot;.Equals((string)context.Variables[&quot;deployment-region&quot;]))\">\r\n        <set-variable name=\"appinsights-key\" value=\"{{westus-appinsights-key}}\" />\r\n        <set-variable name=\"appinsights-endpoint\" value=\"{{westus-appinsights-endpoint}}\" />\r\n        <set-variable name=\"region-name\" value=\"West US\" />\r\n      </when>\r\n      <otherwise>\r\n        <set-variable name=\"appinsights-key\" value=\"{{eastus-appinsights-key}}\" />\r\n        <set-variable name=\"appinsights-endpoint\" value=\"{{eastus-appinsights-endpoint}}\" />\r\n        <set-variable name=\"region-name\" value=\"East US\" />\r\n      </otherwise>\r\n    </choose>\r\n    <set-variable name=\"request-start-time\" value=\"@(DateTime.UtcNow)\" />\r\n  </inbound>\r\n  <backend>\r\n    <base />\r\n  </backend>\r\n  <outbound>\r\n    <base />\r\n    <set-variable name=\"request-duration\" value=\"@{&#xA;            var startTime = (DateTime)context.Variables[&quot;request-start-time&quot;];&#xA;            return DateTime.UtcNow.Subtract(startTime).TotalMilliseconds;&#xA;        }\" />\r\n    <!-- Simple telemetry to regional App Insights -->\r\n    <send-request mode=\"new\" response-variable-name=\"telemetry-response\" timeout=\"10\" ignore-error=\"true\">\r\n      <set-url>@((string)context.Variables[\"appinsights-endpoint\"])</set-url>\r\n      <set-method>POST</set-method>\r\n      <set-header name=\"Content-Type\" exists-action=\"override\">\r\n        <value>application/json</value>\r\n      </set-header>\r\n      <set-body>@{\r\n                return \"{\\\"name\\\":\\\"Microsoft.ApplicationInsights.Event\\\",\\\"time\\\":\\\"\" + \r\n                       DateTime.UtcNow.ToString(\"yyyy-MM-ddTHH:mm:ss.fffK\") + \r\n                       \"\\\",\\\"iKey\\\":\\\"\" + (string)context.Variables[\"appinsights-key\"] + \r\n                       \"\\\",\\\"data\\\":{\\\"baseType\\\":\\\"EventData\\\",\\\"baseData\\\":{\\\"name\\\":\\\"APIM-Regional-Test\\\",\\\"properties\\\":{\\\"region\\\":\\\"\" + \r\n                       (string)context.Variables[\"region-name\"] + \"\\\",\\\"api\\\":\\\"\" + context.Api.Name + \r\n                       \"\\\",\\\"duration\\\":\\\"\" + ((double)context.Variables[\"request-duration\"]).ToString(\"F2\") + \"\\\"}}}}\";\r\n            }</set-body>\r\n    </send-request>\r\n    <set-header name=\"X-APIM-Target-Region\" exists-action=\"override\">\r\n      <value>@((string)context.Variables[\"region-name\"])</value>\r\n    </set-header>\r\n    <set-header name=\"X-APIM-Telemetry-Status\" exists-action=\"override\">\r\n      <value>@(((IResponse)context.Variables[\"telemetry-response\"]).StatusCode.ToString())</value>\r\n    </set-header>\r\n    <trace source=\"RegionalTelemetry\" severity=\"information\">\r\n      <message>@(\"Sent telemetry to \" + (string)context.Variables[\"region-name\"] + \" App Insights. Status: \" + ((IResponse)context.Variables[\"telemetry-response\"]).StatusCode)</message>\r\n    </trace>\r\n  </outbound>\r\n  <on-error>\r\n    <base />\r\n  </on-error>\r\n</policies>",
                "format": "xml"
            }
        },
        {
            "type": "Microsoft.ApiManagement/service/apis/wikis",
            "apiVersion": "2024-06-01-preview",
            "name": "[concat(parameters('service_apim_regional_poc_name'), '/regional-telemetry-test/default')]",
            "dependsOn": [
                "[resourceId('Microsoft.ApiManagement/service/apis', parameters('service_apim_regional_poc_name'), 'regional-telemetry-test')]",
                "[resourceId('Microsoft.ApiManagement/service', parameters('service_apim_regional_poc_name'))]"
            ],
            "properties": {
                "documents": []
            }
        },
        {
            "type": "Microsoft.ApiManagement/service/diagnostics",
            "apiVersion": "2024-06-01-preview",
            "name": "[concat(parameters('service_apim_regional_poc_name'), '/azuremonitor')]",
            "dependsOn": [
                "[resourceId('Microsoft.ApiManagement/service', parameters('service_apim_regional_poc_name'))]",
                "[resourceId('Microsoft.ApiManagement/service/loggers', parameters('service_apim_regional_poc_name'), 'azuremonitor')]"
            ],
            "properties": {
                "logClientIp": true,
                "loggerId": "[resourceId('Microsoft.ApiManagement/service/loggers', parameters('service_apim_regional_poc_name'), 'azuremonitor')]",
                "sampling": {
                    "samplingType": "fixed",
                    "percentage": 100
                },
                "frontend": {
                    "request": {
                        "dataMasking": {
                            "queryParams": [
                                {
                                    "value": "*",
                                    "mode": "Hide"
                                }
                            ]
                        }
                    }
                },
                "backend": {
                    "request": {
                        "dataMasking": {
                            "queryParams": [
                                {
                                    "value": "*",
                                    "mode": "Hide"
                                }
                            ]
                        }
                    }
                }
            }
        },
        {
            "type": "Microsoft.ApiManagement/service/diagnostics/loggers",
            "apiVersion": "2018-01-01",
            "name": "[concat(parameters('service_apim_regional_poc_name'), '/azuremonitor/azuremonitor')]",
            "dependsOn": [
                "[resourceId('Microsoft.ApiManagement/service/diagnostics', parameters('service_apim_regional_poc_name'), 'azuremonitor')]",
                "[resourceId('Microsoft.ApiManagement/service', parameters('service_apim_regional_poc_name'))]"
            ]
        },
        {
            "type": "Microsoft.ApiManagement/service/groups/users",
            "apiVersion": "2024-06-01-preview",
            "name": "[concat(parameters('service_apim_regional_poc_name'), '/administrators/1')]",
            "dependsOn": [
                "[resourceId('Microsoft.ApiManagement/service/groups', parameters('service_apim_regional_poc_name'), 'administrators')]",
                "[resourceId('Microsoft.ApiManagement/service', parameters('service_apim_regional_poc_name'))]"
            ]
        },
        {
            "type": "Microsoft.ApiManagement/service/groups/users",
            "apiVersion": "2024-06-01-preview",
            "name": "[concat(parameters('service_apim_regional_poc_name'), '/developers/1')]",
            "dependsOn": [
                "[resourceId('Microsoft.ApiManagement/service/groups', parameters('service_apim_regional_poc_name'), 'developers')]",
                "[resourceId('Microsoft.ApiManagement/service', parameters('service_apim_regional_poc_name'))]"
            ]
        }
    ]
}